{
  "outcome": "cfit",
  "miss_distance_m": 98764.72874100617,
  "impact_angle_deg": -23.852372733365492,
  "impact_speed_ms": 150.10289443500844,
  "impact_gps": [
    56.01478938116972,
    95.00362651642045,
    315.9028496000337
  ],
  "flight_time_s": 21.86599999999876,
  "distance_flown_m": 1892.2501322559715,
  "detonated": false,
  "warhead_name": null,
  "blast_radius_m": null,
  "start_gps": [
    56.0,
    95.0,
    317.0
  ],
  "target_gps": [
    56.903,
    95.0,
    209.0
  ],
  "missile_id": "",
  "command_centre_id": "",
  "timestamp_utc": "2026-07-09T16:34:17.492118+00:00"
}