{
  "outcome": "cfit",
  "miss_distance_m": 98991.47974864548,
  "impact_angle_deg": -22.54411562213751,
  "impact_speed_ms": 151.32171453834206,
  "impact_gps": [
    56.01275253160197,
    95.00057102098921,
    320.93157989315137
  ],
  "flight_time_s": 18.282000000000746,
  "distance_flown_m": 1532.1078791285274,
  "detonated": false,
  "warhead_name": null,
  "blast_radius_m": null,
  "start_gps": [
    56.0,
    95.0,
    317.0
  ],
  "target_gps": [
    56.903,
    95.0,
    209.0
  ],
  "missile_id": "",
  "command_centre_id": "",
  "timestamp_utc": "2026-07-09T10:09:01.919308+00:00"
}