{
  "outcome": "cfit",
  "miss_distance_m": 99053.57676238833,
  "impact_angle_deg": -32.2184622316502,
  "impact_speed_ms": 149.0849951294849,
  "impact_gps": [
    56.01219260498154,
    95.00462116391074,
    321.90053223358666
  ],
  "flight_time_s": 20.537999999999496,
  "distance_flown_m": 1703.2065565103528,
  "detonated": false,
  "warhead_name": null,
  "blast_radius_m": null,
  "start_gps": [
    56.0,
    95.0,
    317.0
  ],
  "target_gps": [
    56.903,
    95.0,
    209.0
  ],
  "missile_id": "",
  "command_centre_id": "",
  "timestamp_utc": "2026-07-09T10:16:21.468844+00:00"
}