{
  "outcome": "cfit",
  "miss_distance_m": 98932.61984387768,
  "impact_angle_deg": -26.576614711416433,
  "impact_speed_ms": 153.34118108368088,
  "impact_gps": [
    56.013281143256215,
    95.00332932124765,
    324.92350577717986
  ],
  "flight_time_s": 19.298000000000183,
  "distance_flown_m": 1659.49630869395,
  "detonated": false,
  "warhead_name": null,
  "blast_radius_m": null,
  "start_gps": [
    56.0,
    95.0,
    317.0
  ],
  "target_gps": [
    56.903,
    95.0,
    209.0
  ],
  "missile_id": "",
  "command_centre_id": "",
  "timestamp_utc": "2026-07-09T09:11:27.980835+00:00"
}