{
  "outcome": "cfit",
  "miss_distance_m": 98999.39466908996,
  "impact_angle_deg": -27.87378870850564,
  "impact_speed_ms": 150.6127763476812,
  "impact_gps": [
    56.012682363744,
    95.00446102598717,
    319.8744897986621
  ],
  "flight_time_s": 19.530000000000054,
  "distance_flown_m": 1635.302858049932,
  "detonated": false,
  "warhead_name": null,
  "blast_radius_m": null,
  "start_gps": [
    56.0,
    95.0,
    317.0
  ],
  "target_gps": [
    56.903,
    95.0,
    209.0
  ],
  "missile_id": "",
  "command_centre_id": "",
  "timestamp_utc": "2026-07-09T10:13:21.113205+00:00"
}