{
  "outcome": "cfit",
  "miss_distance_m": 98954.85121321575,
  "impact_angle_deg": -23.952655412837174,
  "impact_speed_ms": 152.843454833722,
  "impact_gps": [
    56.013081834090585,
    94.99924043701633,
    319.9892454270559
  ],
  "flight_time_s": 18.702000000000513,
  "distance_flown_m": 1605.3946181407835,
  "detonated": false,
  "warhead_name": null,
  "blast_radius_m": null,
  "start_gps": [
    56.0,
    95.0,
    317.0
  ],
  "target_gps": [
    56.903,
    95.0,
    209.0
  ],
  "missile_id": "",
  "command_centre_id": "",
  "timestamp_utc": "2026-07-09T09:11:32.176809+00:00"
}