{
  "outcome": "cfit",
  "miss_distance_m": 98996.21159153822,
  "impact_angle_deg": -27.211897947334197,
  "impact_speed_ms": 150.94715857574545,
  "impact_gps": [
    56.01270801959618,
    95.00300314700847,
    324.96265600600964
  ],
  "flight_time_s": 19.32400000000017,
  "distance_flown_m": 1609.4047582683254,
  "detonated": false,
  "warhead_name": null,
  "blast_radius_m": null,
  "start_gps": [
    56.0,
    95.0,
    317.0
  ],
  "target_gps": [
    56.903,
    95.0,
    209.0
  ],
  "missile_id": "",
  "command_centre_id": "",
  "timestamp_utc": "2026-07-09T10:06:27.573244+00:00"
}